neutral_id	packet_path	packet_digest	source_pre_digest	target_pre_digest	source_post_digest	target_post_digest
case-fa13dc1364da68	packets/case-fa13dc1364da68.md	1a8f2acb61261c0d760220510287a06a76c1639bc94d55fab66a427e112ae385	18f9b6958fe6dffb4b17983395d00ddfd3093279f628858bcdfda4091feb9259	8ebebe6db7aeddc2695bf41af3e965daabc17b7704b84b7f8fc0d305129bda1e	f3f9e3d936d922c172e34990b35bf38ae8d7583217474a3e494d3d563609ff86	a043d5a9c0c499c68bc105f3f3b003a19b229a31219ab154a5080739448a1e66
case-15b46d34f5e07e	packets/case-15b46d34f5e07e.md	c68cde8210bdc5912ee1d7aadea8b911fd9bb44fea067fe7502eea4c84f8a636	aaa300f5ada8b4d2e3fe2c5c66fbf13b513eb2dcdbac72cb7ca1feed05eca566	f88a88463ef960065d752c371920ff848fa00b505fd3afa8654f0d53f96452dd	9fecb33f54c1233099907e25b925e7ff205ac5deb9a892638159804a601327a6	8fed8b49f695bc31d2442f8d475132c232b205b12436a130fbc8f2d90eba81ae
case-93f1ff2073f163	packets/case-93f1ff2073f163.md	8d2df2f064f6661cd5577dce10c78002b35617eec76609b74a917a3fb01d7759	40a81bf3fa7a89f85246ab6098f5d4e156c130fecaebc6c7fd8dd143c263188c	8fbe3a607579837a52b5bb76d85256c02bbf969cd5bb03736190032ab83e8799	4b5631a0a40db571217a85b7db76706f381f00af158745e04e75a8c7f724a2a7	c7dd0b7636fea79cb519972504d2b11f5d6702ef75e9186d0dd63a4ef2cf2c1e
case-1b6d3c4df444c1	packets/case-1b6d3c4df444c1.md	fe4740b6c0483c8b819537b7a1b22ccfd9a8f3ba57461e91da660562d2e54a03	2cfc95a3285ca1c66dccf5e4fd2024cc75efc0125204d418f449f6f0fe55d266	140e96c50210751811e5218dbdc0f6ae22bbb566f36c04ba587f0e22e5a32c4f	8b12c3da80bbf64516d8a18d067323026fb91cd34c0fea667bba21568cfb963d	8871d3441fca29a1dac89dd49e4fcfcaba910def73eb17fe2759f564c7611cad
case-1a80e03a9cb978	packets/case-1a80e03a9cb978.md	66fb988211b7e0c1b1f7e9033b64ca8c849eb0827bd6e18e9b9cc5f2362c23a4	7898e4d2de2eae2a01a22e999b8605baf84adc9451fa1b3b917da4be1bb3b129	8cc264314623b18f137d58ca2778f6b6f00f37bcb05162dd84b5754644c7ea6b	640835f3d37f35c59477c1ed1fb4513acbadfabd960317aebf2f326f33c2c174	b8f81d16d8c56e2b1af63e0451bdd6252525a1f1ffcbc5230e1c4fbc4cb9c22b
case-8a530b0c39ba8e	packets/case-8a530b0c39ba8e.md	4b9cb1d0579c50c0f3c7e29e366f7d9914af6cfcc6c57879b2e22fec29fd52ef	871ee7d728b8db401f63c3f4c75beefde3dc1874cf0d29a380838823412168c6	833043e5ab674cc6457a8aa9cc694864e599ce71b893744625a978f169abeed0	e4433ffd974ef7f7b1157b14212557144ebd34e30a42c06a181dfacc7e903ff4	a3f6c3d50fe8d1c20d1eaa0ae71e498738b9c16b13064bd5ed387b3785171837
case-c34b3568d535fc	packets/case-c34b3568d535fc.md	d958f6f36a7e6ed6bf4590dee878c2bbd48cd1766f77c27b487bc8657d35a4f5	19152db4cf73e2e38b1b7729421b76f5c2170a67aef01416d5fd69de06148415	074ac89972b1846e86ddf0ad42b734a603f3335054922cd5b4d2c3aad7e85248	551f5e4e56856094ed972c2209a34d7aff8b7b4f554c171eb8d13bdb4cc4b459	3777c51aa251f0e3556ec589d13611f440e347a73d210174c809dfdaade41492
case-65f16a15010b0b	packets/case-65f16a15010b0b.md	d2c6f9d43ee06f3337b22ee8e8691c784f4f92a723a70d28d52ac0722d73f318	1f96296504e15561b0188e7cbb77638a82f83e80b051ab317ec64dc018f43219	16255bb94b35002ea0f4bc1386149b5de97443d24449ff30b0da2a60548f48cf	31b027b28f51fd653f4f1d0453f23eb48074ebb0bfb62ac596c40c54ca96681a	10911db1f694e945b0658c4847e28737a8c1cf850c028d49a87952d425aee802
case-ca2d686c8aa979	packets/case-ca2d686c8aa979.md	09abf3ac9aa4aa08b463ad0691adcf7de5844d2ab767a0e780075871b92efc15	96da13a340342c096dc6d9450e0205bcd3f4485551c1a5e2e5ef77ca6d9b2415	80fe87bf643de43c3a18ed95ed4ce888deae8b87a72571c20ed26358dee1f9ad	b4b75845c133f7a8d1ee54a9a0ce83237a109c69605bf98d21d2cae03319061b	37065ca03c74079ac8c995d67fe87537c977652ce4f91e9a2281845aad9efc1e
case-9197caeafa3a8b	packets/case-9197caeafa3a8b.md	dbb0ed03a410618ad11cd5b373fe218ec44d118d0a1530233a13fcd6571b1af8	eb1d3d9c174c4dc2399688e978fedca6476d02e85bfe1a6bc9f55ce92239deaa	8fbe3a607579837a52b5bb76d85256c02bbf969cd5bb03736190032ab83e8799	4ade55d53deb9ca530a5eaa7995c6f53955c26ef97dc0a28756ff878778d6126	c7dd0b7636fea79cb519972504d2b11f5d6702ef75e9186d0dd63a4ef2cf2c1e
case-f88ac900b7b30e	packets/case-f88ac900b7b30e.md	6e5043b66315aa32e3b994e679b4faa50d1353c65c88c1bb28414e6f0924bd1b	e0064d25cc4dfc932b0aa10a4b7f4cd7f3f1d9642ed44fed3c7f1cfed3babbc1	ec43f5989d7699c3117005759bcce70ea27c6c75d9799a4f8b8fa6282a7ca117	c49b276e1dd70f5824b4461f8aa2441a8ed70ad94536dde209066b7b59295fc9	93b6250bdfa950c3c10818a5fff3798c4620e08f4f7eadd8b6e1f8b74f84f91e
case-6c0a42a4b717c0	packets/case-6c0a42a4b717c0.md	f2c935a3a39c0213c5c3b8c34d17505bcb56b1ec9417a4b7428c5fde00a84e60	d0dc5df0c1223bdf7d9a918665e45dae33431521aa72aa68a851d948965cc656	2d563bfe6bcbfe6c5f267789fd7c6688f579e1401c2633c982db99f1d1f6d140	704367717fedf868ca6af7768ec2db51183b2abdfc87f4e3b4f6bf42a6cede70	bb0efe787ca4591a90628b8c7b4bfdcd24d89069e9d669229dc5a49a3b45951e
case-5996d10a688230	packets/case-5996d10a688230.md	1b0f8dd50c832a94fccff6624b06e4f3cf36df5e6176063b55ebc03c5db4242e	40286da1cb90c8c530f4fcd330cfd3219437b9a0e4bb03bad79f86398aef87a0	2d3b4e2be930168093dd60a9779eb7562fa578320e5083994f93fca89072f76c	a7b5dcb4270eaca83e3cd517287d5c0709db9436608481a068392124164c93b3	2250acc7ed36976a66e3720966b20c9d158d9f3016d298661372b916e08be1ae
case-d78c572ba49b95	packets/case-d78c572ba49b95.md	9ced51b6d6aee56ec30779c02662708359b0bd0f2cfc0e4e260d01bfbeb5d941	cb5820c1a09968b279caeba05483e2361016dcbad4d54c54fb9f7bbe4a9021cb	8fbe3a607579837a52b5bb76d85256c02bbf969cd5bb03736190032ab83e8799	63be937e1606c2c5749b9994557ad91f0f643197b841704f91fb02fb589a00a5	c7dd0b7636fea79cb519972504d2b11f5d6702ef75e9186d0dd63a4ef2cf2c1e
case-ad48aaedc0e182	packets/case-ad48aaedc0e182.md	3b1b6a1cadc49c861ec7cb9c9b940923e58504631f71971f87bd93053cd6b711	6b00f9574d696115bda60896ecb5113f5c3b5b168e96a4197fb4e57a84b19576	cb5820c1a09968b279caeba05483e2361016dcbad4d54c54fb9f7bbe4a9021cb	64a5c22281d81dcc2541272f23a14315928a44ad8a8b5e2a293b27ec7ce89f41	63be937e1606c2c5749b9994557ad91f0f643197b841704f91fb02fb589a00a5
case-5fea6da992bdb6	packets/case-5fea6da992bdb6.md	39a410c0eda5936e2a87dae58fed5d6bf8196a44c2864667b756f05748633f2f	bfbe488ea11555a15f980d83798086858dccbc6949e2c801c8571d0d3742fdd5	a2da9a7d3c8993ddba3feb52a7b9cef2228fc1a6a72a6ab9a14b45deb8640373	48dc72728fa660712d2dbef857a9dd2bc60ba4298fe8a87d30d86673db957c62	0dd07f04cd021ab2af121826b3f024bede7d2528fa4b5e32ecba66647eb956a9
case-a23b180adead23	packets/case-a23b180adead23.md	2ab61916ca5776d2f88bd147464828b84d543bbe85c29cbb656ee1d74c668d30	c8898f5f85d4a4a3ffde74c456d14dd2ca1a71a0056d530c6846169509f25e25	cb5820c1a09968b279caeba05483e2361016dcbad4d54c54fb9f7bbe4a9021cb	c869a30304b7f4e54c16e10abecb143d64b112d690734233c79a58adb0387f38	63be937e1606c2c5749b9994557ad91f0f643197b841704f91fb02fb589a00a5
case-6152a54e6a18c8	packets/case-6152a54e6a18c8.md	0417bb47dd39bbcc5cfeac947f1bc359918da9f4703499baa32dc4a500b37a29	eb1d3d9c174c4dc2399688e978fedca6476d02e85bfe1a6bc9f55ce92239deaa	8cc264314623b18f137d58ca2778f6b6f00f37bcb05162dd84b5754644c7ea6b	4ade55d53deb9ca530a5eaa7995c6f53955c26ef97dc0a28756ff878778d6126	b8f81d16d8c56e2b1af63e0451bdd6252525a1f1ffcbc5230e1c4fbc4cb9c22b
case-b1580658412f68	packets/case-b1580658412f68.md	24e65bedc2c8199e852dba1a0cc814d353807925bd079927b027c2d5f5b599ac	7b0de6617770d10fd6e7adf4b51de7546c6711d05c344e1df9da20d5fce71d64	eac032ad23be42170ce4895c02c6053e3672ce6c04b3d83e008f454b9f8e6a7e	4689fa44a81ac5b39ff795d4a37ab7003767c840734810850c660aed15fbfda8	317ba7181f151af14bd09ea54a4794d04ce8218ecfb9ff5e58a5b5309af84ec0
case-a627c01cfeb3e0	packets/case-a627c01cfeb3e0.md	0379455aada89decd2dc21c413b53cea56a78a5fc4ecb305c320fb0a21a5aa29	e0266429dd5a9c10fe6ecb2fb589c7a009e6664b7e945f88a0f03ff5f11ab6b9	833043e5ab674cc6457a8aa9cc694864e599ce71b893744625a978f169abeed0	5fe077c48c63f542c3f660e688f247e96cd5e064f0c6fd89ebf9b5cf32a491ae	a3f6c3d50fe8d1c20d1eaa0ae71e498738b9c16b13064bd5ed387b3785171837
case-1989c918c7946c	packets/case-1989c918c7946c.md	995c2a9f97466917701a47a26e6f1c86d8ff91ed23242ada0583d59d421e1df4	f3687b6d26c354184d21e64ae3f7b02f8b57a78972d1ca985eaa1c7bc49a1470	719c70880061439f8f2dd27865a701d48ccb9a4eedebcf2d48acb7511406e053	c792153029a8b98891d30475aa85156b618ce39a4bb2ebd8a125b5f799ac9052	3f650396e3402d59a386e37261016977cf1187c67b563fd0110cf84640b263be
case-ca121ccba67434	packets/case-ca121ccba67434.md	644f34fade5d20eb50e5664df3c645e147fa6e4758eefac66248bde750f3849b	0d678d18a0c8ea2af3ac9a3bb1d3acc7dfef7714e51d9b071cbf670ea98c450b	8490009e0b878e30435c7d4030f5192a4580a2457f0c2f6182398c25bd60aeb9	db3e1463c87f3bc783c2a7b11b009613cabdcf96b14d459bde073769abf3a53a	e1fc652a4e12aebb78cd7bd3d7262cae77049836892fcc2ee09174df8fd49dae
case-2632bc38d6c3e7	packets/case-2632bc38d6c3e7.md	27fe83e51d3c4eb99b55bf70ac8765ff31ec4895e7b36db55e1ac26ddcd2617e	4e87d9496ae0983245ba3e5fd56f84580ead99bddc8fda0969e9dda3cdcedfaf	728f88ecc4142693c3c7f07b28f49e738cd84bbe3a851a3cf3dda7e733856dd9	e50ee0c4a86a4529ecd74e26e879d012db55205f4b0efbed4863d94eb825d926	280384869739946e8a1c972b537aa9002371924c4417985b5e8f57354db3531b
case-c3ffb8d4901349	packets/case-c3ffb8d4901349.md	cbdedb4e480fb74665d1a82319a6333399b85181767d01a9e417a87217a35236	dbff4eccd766d7e2a33c387efb10fb21c6bc382c6a6cdb192e428412c1ed5f85	4e0b46ad96296a0fdd0a7cf7f59d62c013c306590b78171f7acd6eca15a17437	2f69c45526681043c792a8e80fc0658913ce480344b6592b97f305a08660921d	c5a84aa31bf3611aa6e6e571e0d1f2c6940eeeb9b1794c1e11419b2dd0d196a7
case-8444045b653617	packets/case-8444045b653617.md	20d6648b59c1858513b2a33db20f583f7c0c66e13e00cda8671a8b0cd857e875	228e0c10f207205e460934729857e02baa01713f1342f271ef46c55f2288626f	8e14ac2bf13b3c6d9bc7afee57d2a11141a96018b6f421b0d0acd767317a4520	d82dc197a32b21a831ff93b54d7d1504e5722d06e6e72332812d0bb3f8ff4b37	ee3e16a7ce8f6c937bd21634a0039fa0be08a328877d7c10a6bbd614acd55b2f
case-d88171537c6fb6	packets/case-d88171537c6fb6.md	f539ff46c7e77412ac5660a7ca00e317eb751f96b3c8d9569f401b0f1da2ed8f	eb1d3d9c174c4dc2399688e978fedca6476d02e85bfe1a6bc9f55ce92239deaa	872eb491e7780f5492e5bb00c010e2480ceb6932773689a2ebf1d942acca2daf	4ade55d53deb9ca530a5eaa7995c6f53955c26ef97dc0a28756ff878778d6126	03cbd0e7445d52c4be2872f5853ec35070499a9a8d040173f4da8887428bc64e
case-fd065e5a4769ae	packets/case-fd065e5a4769ae.md	c5362f0c1f57c757808c2f7f9434ea2f86f615dbf56c4164f823adc2c1a0d9c4	6657ecf3223c30d23ad91e7eab7140b468eecbf1f94f97803ceba9d707798ebf	aea8d5d8f1aed354c5af38db12e09865985d8d6853c3538a3f134b07773bf51f	bb9948f025f2d206ab96380d5b1bbe92451c2ca081beae6aa4cd395719ed4203	30b4b86d6f6a1ed4a3e99ca925b6996c49f793d339c4acaa058294b2f70ea68d
case-c299eb39a9c550	packets/case-c299eb39a9c550.md	4034f9a04594a71f9b781c9d10ee63b8c0ad7da3a61a26a154c73aaa515cd658	2cfc95a3285ca1c66dccf5e4fd2024cc75efc0125204d418f449f6f0fe55d266	05b3495047f86897fcaa3a420da7097ced9a882a9327e969df8f93394db0fffa	8b12c3da80bbf64516d8a18d067323026fb91cd34c0fea667bba21568cfb963d	d3947d2fe3568981e69b2922c8c16808421bd144173d8c6a18a20d596238a1c1
case-e46581928a37b0	packets/case-e46581928a37b0.md	d9b9270f409c9e830e69ef8e0c7ed8a335c854906f00051ad09c0d1b6939322c	edad4f481c5f9d9f1e9f706211ce58d747482a8a870fca5f6af4dfac58f69057	8fbe3a607579837a52b5bb76d85256c02bbf969cd5bb03736190032ab83e8799	9e34045788ce3c39b23a11c6c676e6bc2983f80e32234d07ccb577d26f37bf8c	c7dd0b7636fea79cb519972504d2b11f5d6702ef75e9186d0dd63a4ef2cf2c1e
case-3d16fd3a85e16a	packets/case-3d16fd3a85e16a.md	d0bed9ca20ae87a355599b53cab72bd267170c97570305b28a473b6b7a8099ce	a27984fcece894f2bc6f1e9b60cb8e942a60b02125cf30012d43bf2824c43af3	bedaccb191d2e877b23922c5d34011246b6192b1df8b521db894fb61553fd1d9	bc677cae7edcdd0eda852b7238b9e567246e89de60f68fe2fba47b6a45440283	064a10e729dce211f9a6d619960b6d8c1e15eae3b3dffb709c6a6f679bb84957
case-10d4bb9800d9e7	packets/case-10d4bb9800d9e7.md	c90c340f154d6266625e95c7d65620162a542c79491c72db840a4cd3ab7bc690	b76a7ad4b22b6f2b10182549fda6276272716ea655369b006ef9d340d366b138	dbc5eed1b4063416f753c2d6830e70f8c554590a83c9aa316d73fe98d6134478	dbc70f28b842dcb851c88a3c7eec7b983e2452f53f8fc5fcfd72acf1ca06d0f6	f75da4c820d8050c07aa095627d1b797d264a6b11307d9d479a97d0f416053e3
case-013bbf561b7940	packets/case-013bbf561b7940.md	3e1e52e24fe07ed065c23c08380282868971be334a23bff151944bbb179a440e	a27984fcece894f2bc6f1e9b60cb8e942a60b02125cf30012d43bf2824c43af3	c342bac7262a5a7ac343cf233ff4ec64de4533faee248437b81d0e31a0ffb619	bc677cae7edcdd0eda852b7238b9e567246e89de60f68fe2fba47b6a45440283	2a2f9ce8fba8e0a58e06d59eb0a61666bd897c4839d17520e495f31e0e6448ab
case-47d9b2d46aa6b4	packets/case-47d9b2d46aa6b4.md	39601e72f3647a20c34416d45119cc8bd787ed4ef3a4661e0116b4067a63fd88	c3eb3d5cb8c8497b52ac2ca88bc6d1389fe5d491bd47e2c3c72debb1ac5d9468	8ebebe6db7aeddc2695bf41af3e965daabc17b7704b84b7f8fc0d305129bda1e	fa1cdeb2da24cc34c2e37d2457ea9f4819a4adac5098492ef5f4424072be72e4	a043d5a9c0c499c68bc105f3f3b003a19b229a31219ab154a5080739448a1e66
case-fe5439ef0e0cac	packets/case-fe5439ef0e0cac.md	a208db1781ef022f7f718975f94c1a14b4246f10a02b00d451f84bcf29a536b2	b136663019c50ede4bc567835ce22c490703d91262dd767bab95cdd7c3b323a8	228e0c10f207205e460934729857e02baa01713f1342f271ef46c55f2288626f	be8082a0f766ae614f4410163d8c55cbb9162adf9f281f763d48b6101072d538	d82dc197a32b21a831ff93b54d7d1504e5722d06e6e72332812d0bb3f8ff4b37
case-93e833a0ae496b	packets/case-93e833a0ae496b.md	038bbf8e7ae127de10b331707b84565a0a60f30c68e236cd1645cf6e9d899c54	7a3ed934f19ed2aa379fa6ac558a47c6ee2877ece8451156f3e3e3996be1a99c	8e14ac2bf13b3c6d9bc7afee57d2a11141a96018b6f421b0d0acd767317a4520	108b36a95bfff312585c04428d14c2302c9b3c84df2ebc2e474fa8c138c49cad	ee3e16a7ce8f6c937bd21634a0039fa0be08a328877d7c10a6bbd614acd55b2f
case-9a724e4374e080	packets/case-9a724e4374e080.md	827b33d16292bddd00c096551c7e55cd1cf236f842df1b6497854e7e82c5d44f	f61e76381709fac1bd8e862b378b9d0eec5ca9586f16e8e9c0dd2138abb7cd0d	6408c71e5b1a04145f1133509937152f5c1a7f1e07fc75219d5aff77eec52827	b8f4a37be557a96fdb78dba8a4a798132109969194a539468a9c6a5519b79af7	ce6e5737f7421e2a25194d6834236d5bfccef57e47691a39e92376629a94b053
case-1d940291ad46a8	packets/case-1d940291ad46a8.md	7a320e20888c128e9dfb851d66b6d296d194f7c8a8b3c329fbd6076f2fd3db05	fccc90e07509d54feab43c5bf33598238cd65c7dfc4ada9e12fdcb6e79e0661f	32beb6b11723e4f06db84aac98feddf6cc068a0b96b50e8d971996bc25676ca5	a91f3bb6111fa7e8fc0b6c773fc8c4b967570285cb9cddbf5077a2101a5036aa	0b9175277b570d0c62cac221208502faac141e20ddfead76bdbc0e1e1ee63d99
case-e1177dbf35d92b	packets/case-e1177dbf35d92b.md	e04820f307e37c3e1ad13a7c3be0505501ebb6fd0cf4605de6c2097250a4425b	2cfc95a3285ca1c66dccf5e4fd2024cc75efc0125204d418f449f6f0fe55d266	6b00f9574d696115bda60896ecb5113f5c3b5b168e96a4197fb4e57a84b19576	8b12c3da80bbf64516d8a18d067323026fb91cd34c0fea667bba21568cfb963d	64a5c22281d81dcc2541272f23a14315928a44ad8a8b5e2a293b27ec7ce89f41
case-72ed741ccbd80f	packets/case-72ed741ccbd80f.md	b4c4369f95c97387bb5f563b9629accf1547458b0ccb83cf71badc34cfc9491c	2d4a1691b645edd4eb549542f527d523e81bb4d10ccb505df7bc6f334c6809b1	bae729a641175c39699090b5b0c989f2e2650d32b9b72f4964c56041c0e85c53	9bfbf12f884c110c2b66acfe638ccf0f2470869b740c6d6a807b857ab08da7b8	191577dce243eee4088119daa64910ce31685dc5c0dc55fe4bd175b00430674a
case-6c50ade3801134	packets/case-6c50ade3801134.md	1d717fc6cf12a0ce945d4c5f051277a82b0e45a5caf29dbe4080b44e2a685a00	65ea1f5fb6da562ca5bd4d0cef30d836559dd29d4f5f621bcbdd6570d40c9480	f84956dc49ef5faf4fda37e815ef5d05147457199579d4635afcda4d266ce2fc	3df55bdc9ff40d5f178e7b57815eef451cd69251cd81ca993abc55ffba33e3b9	8c4fc3613f353bb1b5cc1ef597c95b4d473c7ab0f73c8aae7447bce4f369f8a0
case-de38abeca27643	packets/case-de38abeca27643.md	1e260084c4a521ffaa607fb67d5d0f2872815305ac5eed0bc55c25f8649483b9	2d387d3fb98f59bff0348df53a06d8188071cf912a86fc837fdb5d6972d28c91	719c70880061439f8f2dd27865a701d48ccb9a4eedebcf2d48acb7511406e053	45315fbf9dcedfb940a2860d051115cae8774989da9e8403f1e4293a89a6a36d	3f650396e3402d59a386e37261016977cf1187c67b563fd0110cf84640b263be
case-f2af1a1b9045ca	packets/case-f2af1a1b9045ca.md	1f5b69e2c76d05541a2bdbc8dbeb931cdbbd0832b3546201e44ddac9e10a3595	7dcc828f92366e00214e08c2b5b523fc7e73a3d74d0ed8acd3834fe99f070f4d	a27984fcece894f2bc6f1e9b60cb8e942a60b02125cf30012d43bf2824c43af3	16c08e41e0c24adc001bb6becf15d3734c96cdd8dbbf93cc0d8624af0e4c4b2a	bc677cae7edcdd0eda852b7238b9e567246e89de60f68fe2fba47b6a45440283
case-b940441aeb021c	packets/case-b940441aeb021c.md	bd66ef68541687c20700fd437fc5c14fec2c8a68dd68c3261ccb73f6f3d10b26	aea8d5d8f1aed354c5af38db12e09865985d8d6853c3538a3f134b07773bf51f	4e87d9496ae0983245ba3e5fd56f84580ead99bddc8fda0969e9dda3cdcedfaf	30b4b86d6f6a1ed4a3e99ca925b6996c49f793d339c4acaa058294b2f70ea68d	e50ee0c4a86a4529ecd74e26e879d012db55205f4b0efbed4863d94eb825d926
case-792c56f9b2a2f7	packets/case-792c56f9b2a2f7.md	b2da343877a49525523791cfb75fe0dae4693d934bd61c6b94072d5e5cfd7142	6b00f9574d696115bda60896ecb5113f5c3b5b168e96a4197fb4e57a84b19576	0d678d18a0c8ea2af3ac9a3bb1d3acc7dfef7714e51d9b071cbf670ea98c450b	64a5c22281d81dcc2541272f23a14315928a44ad8a8b5e2a293b27ec7ce89f41	db3e1463c87f3bc783c2a7b11b009613cabdcf96b14d459bde073769abf3a53a
case-4d03ee8de3d7c3	packets/case-4d03ee8de3d7c3.md	d439b5e92980544dffff91cd3ce50de6f465f880915f86565b78219b3155f63b	e0064d25cc4dfc932b0aa10a4b7f4cd7f3f1d9642ed44fed3c7f1cfed3babbc1	eb1d3d9c174c4dc2399688e978fedca6476d02e85bfe1a6bc9f55ce92239deaa	c49b276e1dd70f5824b4461f8aa2441a8ed70ad94536dde209066b7b59295fc9	4ade55d53deb9ca530a5eaa7995c6f53955c26ef97dc0a28756ff878778d6126
case-b5510a490b71bf	packets/case-b5510a490b71bf.md	e5e777723ce9d4664132e96658d87ca4dc8ca9b3ad8d15d14e7880e0ec9772e2	f90ee182a07c9daf88d590c23614913eb6656a605e4e2bea0ff854e9939831ab	2d3b4e2be930168093dd60a9779eb7562fa578320e5083994f93fca89072f76c	e349d8659e32a362c337103d831f9e66b4a1089f862fd4dd230bcad8377802e1	2250acc7ed36976a66e3720966b20c9d158d9f3016d298661372b916e08be1ae
case-d45ce3e679afe0	packets/case-d45ce3e679afe0.md	225c0d7d9697c805c91c8ef18efba35270e27c7509f7cca5f50f2e54483d11be	68119582f1d32fd9fe8c2a2c0381c7a835c9a38da265137592fff1ddcdd33067	8cc264314623b18f137d58ca2778f6b6f00f37bcb05162dd84b5754644c7ea6b	2262d0be6f57175cf1c2b752d902dbe788fca53f999f606a8b0ceee3fcaf90fe	b8f81d16d8c56e2b1af63e0451bdd6252525a1f1ffcbc5230e1c4fbc4cb9c22b
case-a628538d6d8332	packets/case-a628538d6d8332.md	c83081a3c08885fee1c3ea2d0e9c1f6c1c7d5302f2540fca9f41c53ffaa0a305	7bb4e37af39f1c9d34292027e942f99806f0154ebec1669ec1c39d998d766162	8ebebe6db7aeddc2695bf41af3e965daabc17b7704b84b7f8fc0d305129bda1e	232783406326fa45a0b92dc5da59a9e163dc00c7902e755c962bb024f15e9494	a043d5a9c0c499c68bc105f3f3b003a19b229a31219ab154a5080739448a1e66
case-04324ff043d41a	packets/case-04324ff043d41a.md	c05d6cb3939e0ee8851912bdb8ae62f041b6f840f3ee0b51bf4b40e784c787a4	a27984fcece894f2bc6f1e9b60cb8e942a60b02125cf30012d43bf2824c43af3	16255bb94b35002ea0f4bc1386149b5de97443d24449ff30b0da2a60548f48cf	bc677cae7edcdd0eda852b7238b9e567246e89de60f68fe2fba47b6a45440283	10911db1f694e945b0658c4847e28737a8c1cf850c028d49a87952d425aee802
case-92aa92d533a0f1	packets/case-92aa92d533a0f1.md	a01322b294738e0cb6552ba66a20969f4f4c6eb66d153e9c3e7a169e2184a8fa	27944048a7ea14b60cc584a8564b4fd27a72df17f2f082a07e5b559a2612cfe2	5f2078168a3b5e36dc284d1a30fc9d77c8b627ec8060f221d23db31a8763f427	56bf566c326b0819f280e0f8e7bd39f29496122207afd0e7fb43fd3c8235d257	ce24de4042c82fd83f28c20e024b006bde44d73ad2e91373e97e904e04d091e3
case-26b9c135a0d7e2	packets/case-26b9c135a0d7e2.md	ccb76dcf02edf463abbd682aede054711e00d040afad3b83a499c034ca95745f	27944048a7ea14b60cc584a8564b4fd27a72df17f2f082a07e5b559a2612cfe2	d28c4c39d47c5ca06bb42862708107c1d68fe86f97c17528163356b2d2fc206a	56bf566c326b0819f280e0f8e7bd39f29496122207afd0e7fb43fd3c8235d257	2a0538356f7433548c7ebf03cf6fe88c2fa03625bea6403ec1a951d6b039cbd2
case-e42bba438fb9cb	packets/case-e42bba438fb9cb.md	a8fd76a2414ceaa752e7c9e2c3547bdd672daf471ced2c26b926b9998030cc2c	27944048a7ea14b60cc584a8564b4fd27a72df17f2f082a07e5b559a2612cfe2	f61e76381709fac1bd8e862b378b9d0eec5ca9586f16e8e9c0dd2138abb7cd0d	56bf566c326b0819f280e0f8e7bd39f29496122207afd0e7fb43fd3c8235d257	b8f4a37be557a96fdb78dba8a4a798132109969194a539468a9c6a5519b79af7
case-4f00efdb446dff	packets/case-4f00efdb446dff.md	67f99d6ef8dcc272daf1ba3389f7c7adf12bd7dd55de3f9974b412cd4a74dfd0	27944048a7ea14b60cc584a8564b4fd27a72df17f2f082a07e5b559a2612cfe2	c05960a970da9ae39f218f3577e46d5c6c6aa8d9c08d874a49cc93cdfd7b0786	56bf566c326b0819f280e0f8e7bd39f29496122207afd0e7fb43fd3c8235d257	91777898fe3039b0e5b9d4134f04bdeec7377998a6b4aec773ab9f398a5dee68
case-1220e2f6e7f005	packets/case-1220e2f6e7f005.md	8291bc02e94877619464be70956d5a87af6c828faa800a3fabbe76bca647fba2	63815703661312680b9e9a594c16285da1157c93f7eecde1dda47eb2ea6cce7d	5f2078168a3b5e36dc284d1a30fc9d77c8b627ec8060f221d23db31a8763f427	c046342c35d80e690fead24fd8870f34e4ba81db31d90421fe26cb92836f1f7f	ce24de4042c82fd83f28c20e024b006bde44d73ad2e91373e97e904e04d091e3
case-3cb813691b28b6	packets/case-3cb813691b28b6.md	05170cbe46da1ef25ab248f095da099d1cd4546212fd71f1a68bf8376552db1c	a369e7764e6a8d89e2707ad8e59b13848d3ca00bec1a6018e2696a459e62f5ad	1baabf950af29d1e1b05b05d8f867a044e44932258f2a336207b5dca745dd0e6	b4665ed38d52d239376b17f6f4d4b358bc2f8398035a7f7222983a76cc20197e	d087bc030a1bb194df71c58c335c3f3662abfd6e8006e216ba2a5d7550de1540
case-394ae9372bce28	packets/case-394ae9372bce28.md	ef18fe66facf6d42f5a93032400cb53c7aff5e2e452d3e687e176736eba66d7e	cb5820c1a09968b279caeba05483e2361016dcbad4d54c54fb9f7bbe4a9021cb	da868dedd26abd9b85db43176a8c7dd670b2dbc30c7a65820fd3d8e242143d56	63be937e1606c2c5749b9994557ad91f0f643197b841704f91fb02fb589a00a5	f8ee3992db3f33dc8aacbf06497b860ea7d3f2ee224994a11cf7d958de5d7982
case-e5c79d4a63f396	packets/case-e5c79d4a63f396.md	4baccddeb8a6a5bfd049af4e96608ba1b789affecbe5175e6234316389602a38	d28c4c39d47c5ca06bb42862708107c1d68fe86f97c17528163356b2d2fc206a	5f2078168a3b5e36dc284d1a30fc9d77c8b627ec8060f221d23db31a8763f427	2a0538356f7433548c7ebf03cf6fe88c2fa03625bea6403ec1a951d6b039cbd2	ce24de4042c82fd83f28c20e024b006bde44d73ad2e91373e97e904e04d091e3
case-5ca86f39e5b984	packets/case-5ca86f39e5b984.md	642aef6b039d3177789173213b00f34c361da64e84a4728cd7c147fc27707dc9	36cb4e42f0e3fe0bec8a0d13bf89b85afbfe2d9d1cd907c232658068334b5d49	9a7c90aacb38c0120735a98f97ea9da18e6bf19d5e3c5129ac845323dafb7ff5	e85a590aaadc09d53016a3ba217bafd1f0cfdec5683550530f62bdedcd53f3fa	c732a7724067f6baf8fc0d4a87ef90727a49f87bfe45254084b8e8c79c4fc0df
case-30111db7b8e1ad	packets/case-30111db7b8e1ad.md	64bc4673b80a5380896b5a091544c5b6cedaa1b25ba3b85711f862c8329fcbba	b13fda4698fbd03e72a881ad4ac9f1a71dc8514f8a351b5de903ba2937d74aa1	4b6356bb02fe9f5f7f18606b6e01eed91bc69e3d97af1e465bdc48f6d3626207	3cc08f9a924a8a5b084515ac059e378bfec5cb67bdc58a1f911848a047074f52	c44e6adcda3d41f90eeb22d859301d2af1332c2698da21e929a0e0327c3a19a1
case-f885ae7745ebc0	packets/case-f885ae7745ebc0.md	bb578fb6c4dafb66e909d244fd129482ce2d909f155a8ee54f5329d0850383c6	b13fda4698fbd03e72a881ad4ac9f1a71dc8514f8a351b5de903ba2937d74aa1	dbc5eed1b4063416f753c2d6830e70f8c554590a83c9aa316d73fe98d6134478	3cc08f9a924a8a5b084515ac059e378bfec5cb67bdc58a1f911848a047074f52	f75da4c820d8050c07aa095627d1b797d264a6b11307d9d479a97d0f416053e3
case-0f41b0d385292b	packets/case-0f41b0d385292b.md	993b16d8d3f3b5fb1adef4e15742730240278d8f01afc6bc754836050ec4d59a	b13fda4698fbd03e72a881ad4ac9f1a71dc8514f8a351b5de903ba2937d74aa1	8e14ac2bf13b3c6d9bc7afee57d2a11141a96018b6f421b0d0acd767317a4520	3cc08f9a924a8a5b084515ac059e378bfec5cb67bdc58a1f911848a047074f52	ee3e16a7ce8f6c937bd21634a0039fa0be08a328877d7c10a6bbd614acd55b2f
case-c44bc99dfa7da4	packets/case-c44bc99dfa7da4.md	82661d7039a3c89ad52851dd36b3139269a2eba95b0d4d3961831c34687ca1be	4b6356bb02fe9f5f7f18606b6e01eed91bc69e3d97af1e465bdc48f6d3626207	9a7c90aacb38c0120735a98f97ea9da18e6bf19d5e3c5129ac845323dafb7ff5	c44e6adcda3d41f90eeb22d859301d2af1332c2698da21e929a0e0327c3a19a1	c732a7724067f6baf8fc0d4a87ef90727a49f87bfe45254084b8e8c79c4fc0df
case-41428517ec8382	packets/case-41428517ec8382.md	666d6118cebeaee3d1413a6f0389ebf5f81d83207ca9dc12d421534a7cd22190	66b20d73cb6a7501fe53eedc1e9012b5779526f4032bf15b4356f739facbc205	0e37bfad832baa9ba5fd21371dfbd24aece9fb9fcbac6152602d858208258862	c360f2b610479c0320817d721aaee1faacc683f1ccb38042ea0c3d38d23511f6	9907f6a85b017c161675581e8b9223a52494272cee6e8c6b076978d1f156bbe8
case-3496ee2db136b1	packets/case-3496ee2db136b1.md	b9d99004ce5e2c0425e9e49f23b78eb6742508e4568bed4baad0b774d764be71	a84dbb9c90e892cbeba80941b2cbec2fcc271cc3641801b6661cc85410e4bfd0	e0266429dd5a9c10fe6ecb2fb589c7a009e6664b7e945f88a0f03ff5f11ab6b9	dc8e397a2fbf20387463d4971d9da232772eb9f7eaee36d6cd8f6df99bdea436	5fe077c48c63f542c3f660e688f247e96cd5e064f0c6fd89ebf9b5cf32a491ae
case-575b06979464eb	packets/case-575b06979464eb.md	30fb74b38d74ef488c963b23cc5fb3382b29132cd94fddd5ec003c6e8dea5e99	b0de7ec97de0b9c939d6080e3387225180fcc18edf0334d485a3bd91b91470e8	e7f97cc5ef81b1fc1c338051188eb2761494c82e85b557337abde37ba4106e3c	cc831c4d96589e02a1a2ba2cb9f394902615e16fe88e7081de08f6bf1a671e16	0386ca353e7397a9bf1da0029e893735071e90cd29b344d76ca4983442710b68
case-082d18281753b9	packets/case-082d18281753b9.md	05ddf72bdfe81186296262a73a4a9c06b8805e47de28152c142ce22d57ca34c1	b0de7ec97de0b9c939d6080e3387225180fcc18edf0334d485a3bd91b91470e8	64995e3d5ef5c6dc494be0ea3a72ef1bb1569766b4c7b598740fa8c1abf8a674	cc831c4d96589e02a1a2ba2cb9f394902615e16fe88e7081de08f6bf1a671e16	e111d07fef2a3cfcfa8d05ec6a20a841db95d14e8c5ddbb2d653cd9b9ec1f974
case-debb81f590eb94	packets/case-debb81f590eb94.md	386a02a6e432d91b7ec5b938c621e621dd8f706b573d25ec8df904bdc2e7416a	2f3cd7d4c8af99e3b7036084e8aac900e036cc68f7918131c0f99bce8262351d	124aa0a910bf42dcdefe872a3217ba3e778cb61f36f5b47814f5c55a626bfb9b	80bd709f3772e2621b2de85b374ae963ea720a9ac5ada9151b309bbb6b459921	0698e0b471dea0734fc792a7d170acf297e93579f3465f0536869b3c1d63f102
case-5ea996e957b487	packets/case-5ea996e957b487.md	70ee160d6ac2208b436ead10c5f07c45e344ba0e02259b66eb1591db2a2dd742	872eb491e7780f5492e5bb00c010e2480ceb6932773689a2ebf1d942acca2daf	c90be513643b46e0b5ee677162e248da702fb990fa058b09b85aca5b2274f1d8	03cbd0e7445d52c4be2872f5853ec35070499a9a8d040173f4da8887428bc64e	3ed7c2b23f3c04ceedea76827b9af53f2acfabac47b7468ade9a8bfdbaf1b944
case-cacf9c28c10bff	packets/case-cacf9c28c10bff.md	dcdb87f623a74f60d46b6867e6e2420db4b06895fe7a35e2c992b126330643a5	691df3e2598cb7c6851b0e88521a78ad2e037172bfb5dced2a73cdfc7ba31803	0e4c2af9b755ff346513559e0592fdbc17b3e9472ed081bf141780583f24167b	b4e5cfdebc4d17508ff6a0b73e41691e72e567a4543f088b83b5f29c8bd4bf47	f97b25700b5a5d465e4bdb31e70fa5dbab41cce04f1d3b8d4c667024e0cc82c8
case-33b17d160ff4f4	packets/case-33b17d160ff4f4.md	074e6780c664661d5b976639f0f4276ab3c9c574aeb39c6097ae3dee889f2a0f	ab515cb8c9ea0de238d03dd90ef54465dfb8c3193716dc05d432eeadad799739	a2da9a7d3c8993ddba3feb52a7b9cef2228fc1a6a72a6ab9a14b45deb8640373	745080780db852569c7a75ab0b680061270314daeb4b8907b4d5c95f9ae32a3d	0dd07f04cd021ab2af121826b3f024bede7d2528fa4b5e32ecba66647eb956a9
case-bac2e954ce6f0b	packets/case-bac2e954ce6f0b.md	b567bd7cd8a3e784c212512f4a7fb1c0e84d0c4b8633ed17ca32f89d6b0f35d7	a369e7764e6a8d89e2707ad8e59b13848d3ca00bec1a6018e2696a459e62f5ad	1c54f4bc09916e7f172904e4d8ecccc92aecff5df2f742b3f366619dd24f1564	b4665ed38d52d239376b17f6f4d4b358bc2f8398035a7f7222983a76cc20197e	42e00d1bd7ee45d9985264a428495d7619ab53548d91e76cb271099af79b2086
case-cbbd1d7667e81e	packets/case-cbbd1d7667e81e.md	4a520820a74026423465563be2e863e0ab2c085d2b03e522e3cc90e93ec26852	47a69c4d879f17a48818be20d43a2a983feb0bdfd4c92d680fa24b3cfc3c2e4b	64995e3d5ef5c6dc494be0ea3a72ef1bb1569766b4c7b598740fa8c1abf8a674	bf8496560c58f1d798a144979500451740d3bca71acf18280592641afc887878	e111d07fef2a3cfcfa8d05ec6a20a841db95d14e8c5ddbb2d653cd9b9ec1f974
case-68854084829173	packets/case-68854084829173.md	c28db4541ffcdc65ac10ed6ade0b9ba4f69df53f299a8b2d6990c39aeb7b33f8	68119582f1d32fd9fe8c2a2c0381c7a835c9a38da265137592fff1ddcdd33067	1baabf950af29d1e1b05b05d8f867a044e44932258f2a336207b5dca745dd0e6	2262d0be6f57175cf1c2b752d902dbe788fca53f999f606a8b0ceee3fcaf90fe	d087bc030a1bb194df71c58c335c3f3662abfd6e8006e216ba2a5d7550de1540
case-3f238a6bfb20f0	packets/case-3f238a6bfb20f0.md	378d1be24162e725ddfa329edb0f53a9f81cf6879044e5926e547b725841f9f3	074ac89972b1846e86ddf0ad42b734a603f3335054922cd5b4d2c3aad7e85248	16255bb94b35002ea0f4bc1386149b5de97443d24449ff30b0da2a60548f48cf	3777c51aa251f0e3556ec589d13611f440e347a73d210174c809dfdaade41492	10911db1f694e945b0658c4847e28737a8c1cf850c028d49a87952d425aee802
case-a0e84e8b184274	packets/case-a0e84e8b184274.md	27ca4f4de1c872c19b863574d4d0eac22e5336456a22ef4960e69c0420168b3d	b0de7ec97de0b9c939d6080e3387225180fcc18edf0334d485a3bd91b91470e8	9e6cf12228cbc0902342b56e6bcf7fc7a3c7ac2b1c3d0523ccb5b5bc174c36f0	cc831c4d96589e02a1a2ba2cb9f394902615e16fe88e7081de08f6bf1a671e16	7e765ebb0e0490b2e0405d9c3eaa15f158df1e0331684e9f4c8a2944b556aaa9
case-7434c2dafbccda	packets/case-7434c2dafbccda.md	171663e3f1cd00dd2c70a4d62dd1de0dfd13b98a3f71323611cd270a7dc6e2e4	f3687b6d26c354184d21e64ae3f7b02f8b57a78972d1ca985eaa1c7bc49a1470	ce58f3eda3d094dbbe1a7ff4d867487cdf20369c89526f6c7d1cb82d50bdf74c	c792153029a8b98891d30475aa85156b618ce39a4bb2ebd8a125b5f799ac9052	b93ada58af6e937fd61a307603e87beb52d5c195ccd8d753bf9b26685f7d1a7c
case-b43b0ab7700ffe	packets/case-b43b0ab7700ffe.md	a31f148cfd5d822a5b3ea29cbaf8253a83ff0e6ce97f90367cde4dc860d13756	47a69c4d879f17a48818be20d43a2a983feb0bdfd4c92d680fa24b3cfc3c2e4b	4e87d9496ae0983245ba3e5fd56f84580ead99bddc8fda0969e9dda3cdcedfaf	bf8496560c58f1d798a144979500451740d3bca71acf18280592641afc887878	e50ee0c4a86a4529ecd74e26e879d012db55205f4b0efbed4863d94eb825d926
case-10fea94cddfcc6	packets/case-10fea94cddfcc6.md	81b703b45248ee01d2370e9796e29465de59fdb12c018473bcd421718a2bbb85	dbc5eed1b4063416f753c2d6830e70f8c554590a83c9aa316d73fe98d6134478	761464539aef8546215f27fc738eb03b3b94d9f1b3b6db5bc07f5b38c2a9f4b8	f75da4c820d8050c07aa095627d1b797d264a6b11307d9d479a97d0f416053e3	478fa7c1cfc59561560bcefbf4ba56874d3349608469f9e64595fd6a493615c2
