2817a0291b547bb18cc85b127d8fba2fd433d89e4218064031f983e77cd06932	76	.commonplace-validation-ignore
a38cade5e99615274f77c5ebd9fa21e2c4bbb627d0ea6af97994eb2365c4e254	28331	AGENTS.md
ab38d6b121ca6f9a923167cee5e2e131a86cdc43969fbe69b4584e12f7c9a074	8551	kb/agentic-systems/COLLECTION.md
76c76c5e7e2aea281012933a60b42b338f68e6363f98e0b5a02ff7cad0a36445	7851	kb/agentic-systems/reviews/dynamic-cheatsheet.md
f0ed4295059b4885a886892e7731bda966eb8a89dba4c51366cfb5aac70abfe4	4999	kb/agentic-systems/reviews/mem0.md
1d5b8e3ef19c834de3242ebf99002010e83fd7413256bcd6995f66fb4c3fdae7	6358	kb/agentic-systems/reviews/napkin.md
4c442d02186c4fac9e71b5f75f239185d8e1f0c764ec216c810d0fc534fd0a75	10517	kb/instructions/COLLECTION.md
4c5ae2555eda3623f12c02d062dd37d1634ddc3b17d0cac48e14e0f58f580743	8313	kb/instructions/analyse-agent-memory.md
75f4ac90c1de0283d36f1a36c26c3478e0f74f1b31d1c0af92d4006fc093fdf8	40127	kb/instructions/analyse-agentic-system/SKILL.md
8f7b1940aabd9ca1daef2d7a1ee63076dde39f3efb18cbd723935f071aaa585b	9619	kb/instructions/synthesize-agent-memory-landscape/SKILL.md
cef9b7086ce4d66fd7380936aa89707a133a686fbcdc9f591a7b615d4183bc3e	11020	kb/notes/definitions/reflective-system.md
acd66920611e29b5c85c43b85270dd315c11d2209fc4e6cc46d8c6ebbda210dd	11072	kb/notes/definitions/self-improving-system.md
be6237b3c81331d473a52b481c16e1d99dfe47810541fe3dede3e0f999c518fc	16940	kb/notes/definitions/theory-builder.md
91d22ecbd3575d63172dfa892a8ef8630056f4a3e0b2d236ad476a05f0bba63a	6573	kb/reports/COLLECTION.md
69cf228433d975ac518c02f315ac81aaa26a6b29c3e3db63b932e6a199194cfa	90228	kb/reports/retained/agentic-system-analysis/AAS-2026-09-26-dynamic-cheatsheet-02/result.md
b4a541c5e6a90e37dbb0115bf9e230c41c5fc635023b519a57c447d4b7ffabd1	76932	kb/reports/retained/agentic-system-analysis/AAS-2026-09-26-mem0-02/result.md
8484f622335c134237968326c9971d8fbb1e71f97128e411f96b8d46ccba41db	99244	kb/reports/retained/agentic-system-analysis/AAS-2026-09-27-napkin-01/result.md
9969ee8a79d1e1a9fe2aed90c1c209ac123d342cd3ed747f1ad17d4a4bafd0ae	6860	kb/types/agent-memory-analysis-report.md
ad0db5da097e1b4bc595a08a4b14fead4f3a5dfbf575ec886551bb24718afd6f	7196	kb/types/agent-memory-analysis-report.schema.yaml
f0d8da0947656087351250c6414fe62b5db3e08e0ab9590078ef43f21fbbeea3	32664	kb/types/agentic-system-analysis-result.md
5a6da5d9bc75b7463c9b95978ce3165349a30e041f56052993267931d14a158a	8324	kb/types/agentic-system-analysis-result.schema.yaml
e0f4e67a8064a348fa9d377438bf03ac4807a3efb800eb67e3051776b69cb6af	1112	kb/types/note-base.schema.yaml
b8c7dd2809530208b9698e89c4a48fbde15f07d1b448fa4f1b7546676e53f3a1	251	kb/types/note.schema.yaml
fb2f5e4554e24e9514afe71ea6c75b7f6e7b12e0f0082de02d92a0d4f097ed06	25471	matrix.csv
71347e1c0ca38ba7c1d448993c7e17416f56cbcfb4a63a674816d04a1196a649	4730	pyproject.toml
febb14d99dd1c54f324dc00dacacc4575bde5362d85e42165ac06d5616196669	5243	scripts/analyze_matrix.py
2e7d5709dd9a8c9f23abb69af4730908109dd58f28439c9357c88bf67bc980d2	1545	scripts/build_systems_matrix.py
af055dfd0c26d8e767d1e68661940815b545b7150fc3c6aeb05d44f7fdfdfa4b	9595	scripts/bundle_agentic_landscape.py
5893dd942ad8dcdb3715637aa746e14ba0a7db4edb153143320ab4627575003c	4078	scripts/render_systems_table.py
68cc5cc47709bb8ebfd894c2bf103376babb1f8e8f50aaca6417c241ed63af12	2399	snapshot.json
11b73b8374f07d395efe1c3f27f219be1b69da999a1ab6984c42ecb0146aa851	3704	src/commonplace/cli/agentic_analysis_publication.py
cfd0c4759519ab845baeb174aa9e7785f7d2571f970eab030338778c1ebb6cb5	34879	src/commonplace/lib/agentic_analysis.py
f03fb6f7ebed2efe84663898e3bcfb28ea09302da08ac8628f21ba9ea53e1f2a	20048	src/commonplace/lib/agentic_publication.py
30d4dff87496ce310e1c7b9a3fb7154308443a0c9ccd2a942fa8381be1f87023	3031	src/commonplace/lib/agentic_records.py
290d3e4e29ca1f7e97fad24a01fd1e6e08ad80fa67814051bbafcfb7a723d4d3	4633	src/commonplace/lib/note_parser.py
92dd89db4c952cd8aa90cca6c10f31a86b47c85c740f541ebc70e7e6a416b5ee	16998	src/commonplace/lib/systems_matrix.py
cc589aafb535531da73ce140cabca2473c578080ae1158add8a92e8ec1dfd9bf	67245	src/commonplace/lib/validation.py
92bbdf4e06af573007ab87c6abf2cea944cd4f3672476816c2c72be934e60bda	171090	uv.lock
